 [
    {"name" : "Lenovo" ,"price" : "40,000" ,"image":"https://encrypted-tbn0.gstatic.com/images?q=tbn:ANd9GcRSGFRMIxFcUgxRdhCIrzNEktN5CLlhFRuX5pAc_jEv0gVgFbg_2m93SmNYML8&usqp=CAc" ,"description":"Color:black,Brand New"},
    {"name" : "Adidas" ,"price" : "2,000" ,"image":"https://assets.adidas.com/images/h_320,f_auto,q_auto:sensitive,fl_lossy/449c838942da409f8ba9a97f00d3cffe_9366/Runfalcon_Shoes_Black_F36199_F36199_01_standard.jpg" ,"description":"Black shoes ,High Quality"},
    {"name" : "Fastrack watch" ,"price" : "3,500" ,"image":"https://encrypted-tbn0.gstatic.com/images?q=tbn%3AANd9GcRApQ_5YCFWNTSQvmTBj0lE7vYN2l3YhQGcfQ&usqp=CAU","description":"Color:black,Brand New"},
    {"name" : "PUMA Tshit" ,"price" : "1,000" ,"image":"https://encrypted-tbn0.gstatic.com/images?q=tbn%3AANd9GcRCSdz4PYVw-FdX6QxHnu2QSHecuUkDHZ6qzw&usqp=CAU","description":"Color:black,Brand New"},
    {"name" : "HP Envy laptop" ,"price" : "89,000" ,"image":"https://in-media.apjonlinecdn.com/catalog/product/cache/314dec89b3219941707ad62ccc90e585/3/S/3S960PA-1_T1594096831.png","description":"Color:silver,Brand New"}
]